-- phpMyAdmin SQL Dump
-- version 3.5.2.2
-- http://www.phpmyadmin.net
--
-- 主机: 127.0.0.1
-- 生成日期: 2013 年 03 月 21 日 17:26
-- 服务器版本: 5.5.27-log
-- PHP 版本: 5.4.7

SET SQL_MODE="NO_AUTO_VALUE_ON_ZERO";
SET time_zone = "+00:00";


/*!40101 SET @OLD_CHARACTER_SET_CLIENT=@@CHARACTER_SET_CLIENT */;
/*!40101 SET @OLD_CHARACTER_SET_RESULTS=@@CHARACTER_SET_RESULTS */;
/*!40101 SET @OLD_COLLATION_CONNECTION=@@COLLATION_CONNECTION */;
/*!40101 SET NAMES utf8 */;

--
-- 数据库: `app`
--

-- --------------------------------------------------------

--
-- 表的结构 `ACTION_HISTORY`
--

CREATE TABLE IF NOT EXISTS `ACTION_HISTORY` (
  `ID` int(11) NOT NULL AUTO_INCREMENT,
  `ACTION_TIME` datetime DEFAULT NULL,
  `ACTION_NAME` varchar(255) DEFAULT NULL,
  `DESCRIPTION` varchar(255) DEFAULT NULL,
  `USER_ID` int(11) DEFAULT NULL,
  PRIMARY KEY (`ID`),
  KEY `FK3F3AF36B3E20AD51` (`USER_ID`)
) ENGINE=InnoDB DEFAULT CHARSET=utf8 AUTO_INCREMENT=1 ;

-- --------------------------------------------------------

--
-- 表的结构 `ATTENDENCE_HISTORY`
--

CREATE TABLE IF NOT EXISTS `ATTENDENCE_HISTORY` (
  `ID` int(11) NOT NULL AUTO_INCREMENT,
  `CLOCK_IN_TIME` datetime DEFAULT NULL,
  `CLOCK_OUT_TIME` datetime DEFAULT NULL,
  `CLOCK_IN_HOUR` smallint(6) DEFAULT NULL,
  `CLOCK_OUT_HOUR` smallint(6) DEFAULT NULL,
  `CLOCKED_OUT` bit(1) DEFAULT NULL,
  `USER_ID` int(11) DEFAULT NULL,
  `SHIFT_ID` int(11) DEFAULT NULL,
  `TERMINAL_ID` int(11) DEFAULT NULL,
  PRIMARY KEY (`ID`),
  KEY `FKDFE829A7660A5E3` (`SHIFT_ID`),
  KEY `FKDFE829A2AD2D031` (`TERMINAL_ID`),
  KEY `FKDFE829A3E20AD51` (`USER_ID`)
) ENGINE=InnoDB  DEFAULT CHARSET=utf8 AUTO_INCREMENT=2 ;

--
-- 转存表中的数据 `ATTENDENCE_HISTORY`
--

INSERT INTO `ATTENDENCE_HISTORY` (`ID`, `CLOCK_IN_TIME`, `CLOCK_OUT_TIME`, `CLOCK_IN_HOUR`, `CLOCK_OUT_HOUR`, `CLOCKED_OUT`, `USER_ID`, `SHIFT_ID`, `TERMINAL_ID`) VALUES
(1, '2013-03-22 00:25:32', NULL, 0, NULL, '0', 1, 1, 3838);

-- --------------------------------------------------------

--
-- 表的结构 `CASH_DRAWER_RESET_HISTORY`
--

CREATE TABLE IF NOT EXISTS `CASH_DRAWER_RESET_HISTORY` (
  `ID` int(11) NOT NULL AUTO_INCREMENT,
  `RESET_TIME` datetime DEFAULT NULL,
  `USER_ID` int(11) DEFAULT NULL,
  PRIMARY KEY (`ID`),
  KEY `FK719418223E20AD51` (`USER_ID`)
) ENGINE=InnoDB DEFAULT CHARSET=utf8 AUTO_INCREMENT=1 ;

-- --------------------------------------------------------

--
-- 表的结构 `COOKING_INSTRUCTION`
--

CREATE TABLE IF NOT EXISTS `COOKING_INSTRUCTION` (
  `ID` int(11) NOT NULL AUTO_INCREMENT,
  `DESCRIPTION` varchar(60) DEFAULT NULL,
  PRIMARY KEY (`ID`)
) ENGINE=InnoDB DEFAULT CHARSET=utf8 AUTO_INCREMENT=1 ;

-- --------------------------------------------------------

--
-- 表的结构 `COUPON_AND_DISCOUNT`
--

CREATE TABLE IF NOT EXISTS `COUPON_AND_DISCOUNT` (
  `ID` int(11) NOT NULL AUTO_INCREMENT,
  `NAME` varchar(30) DEFAULT NULL,
  `TYPE` int(11) DEFAULT NULL,
  `VALUE` double DEFAULT NULL,
  `EXPIRY_DATE` datetime DEFAULT NULL,
  `DISABLED` bit(1) DEFAULT NULL,
  `NEVER_EXPIRE` bit(1) DEFAULT NULL,
  PRIMARY KEY (`ID`)
) ENGINE=InnoDB DEFAULT CHARSET=utf8 AUTO_INCREMENT=1 ;

-- --------------------------------------------------------

--
-- 表的结构 `DRAWER_PULL_REPORT`
--

CREATE TABLE IF NOT EXISTS `DRAWER_PULL_REPORT` (
  `ID` int(11) NOT NULL AUTO_INCREMENT,
  `REPORT_TIME` datetime DEFAULT NULL,
  `REG` varchar(15) DEFAULT NULL,
  `TICKET_COUNT` int(11) DEFAULT NULL,
  `BEGIN_CASH` double DEFAULT NULL,
  `NET_SALES` double DEFAULT NULL,
  `SALES_TAX` double DEFAULT NULL,
  `CASH_TAX` double DEFAULT NULL,
  `TOTAL_REVENUE` double DEFAULT NULL,
  `GROSS_RECEIPTS` double DEFAULT NULL,
  `GIFTCERTRETURNCOUNT` int(11) DEFAULT NULL,
  `GIFTCERTRETURNAMOUNT` double DEFAULT NULL,
  `GIFTCERTCHANGEAMOUNT` double DEFAULT NULL,
  `CASH_RECEIPT_NO` int(11) DEFAULT NULL,
  `CASH_RECEIPT_AMOUNT` double DEFAULT NULL,
  `CREDIT_CARD_RECEIPT_NO` int(11) DEFAULT NULL,
  `CREDIT_CARD_RECEIPT_AMOUNT` double DEFAULT NULL,
  `DEBIT_CARD_RECEIPT_NO` int(11) DEFAULT NULL,
  `DEBIT_CARD_RECEIPT_AMOUNT` double DEFAULT NULL,
  `RECEIPT_DIFFERENTIAL` double DEFAULT NULL,
  `CASH_BACK` double DEFAULT NULL,
  `CASH_TIPS` double DEFAULT NULL,
  `CHARGED_TIPS` double DEFAULT NULL,
  `TIPS_PAID` double DEFAULT NULL,
  `TIPS_DIFFERENTIAL` double DEFAULT NULL,
  `PAY_OUT_NO` int(11) DEFAULT NULL,
  `PAY_OUT_AMOUNT` double DEFAULT NULL,
  `DRAWER_BLEED_NO` int(11) DEFAULT NULL,
  `DRAWER_BLEED_AMOUNT` double DEFAULT NULL,
  `DRAWER_ACCOUNTABLE` double DEFAULT NULL,
  `CASH_TO_DEPOSIT` double DEFAULT NULL,
  `VARIANCE` double DEFAULT NULL,
  `totalVoidWst` double DEFAULT NULL,
  `totalVoid` double DEFAULT NULL,
  `totalDiscountCount` int(11) DEFAULT NULL,
  `totalDiscountAmount` double DEFAULT NULL,
  `totalDiscountSales` double DEFAULT NULL,
  `totalDiscountGuest` int(11) DEFAULT NULL,
  `totalDiscountPartySize` int(11) DEFAULT NULL,
  `totalDiscountCheckSize` int(11) DEFAULT NULL,
  `totalDiscountPercentage` double DEFAULT NULL,
  `totalDiscountRatio` double DEFAULT NULL,
  `TERMINAL_ID` int(11) DEFAULT NULL,
  PRIMARY KEY (`ID`),
  KEY `FKAEC362202AD2D031` (`TERMINAL_ID`)
) ENGINE=InnoDB DEFAULT CHARSET=utf8 AUTO_INCREMENT=1 ;

-- --------------------------------------------------------

--
-- 表的结构 `GRATUITY`
--

CREATE TABLE IF NOT EXISTS `GRATUITY` (
  `ID` int(11) NOT NULL AUTO_INCREMENT,
  `MODIFIED_TIME` datetime NOT NULL,
  `AMOUNT` double DEFAULT NULL,
  `PAID` bit(1) DEFAULT NULL,
  `TICKET_ID` int(11) DEFAULT NULL,
  `OWNER_ID` int(11) DEFAULT NULL,
  `TERMINAL_ID` int(11) DEFAULT NULL,
  PRIMARY KEY (`ID`),
  KEY `FK34E4E3772AD2D031` (`TERMINAL_ID`),
  KEY `FK34E4E3771DF2D7F1` (`TICKET_ID`),
  KEY `FK34E4E377AA075D69` (`OWNER_ID`)
) ENGINE=InnoDB DEFAULT CHARSET=utf8 AUTO_INCREMENT=1 ;

-- --------------------------------------------------------

--
-- 表的结构 `MENUITEM_MODIFIERGROUP`
--

CREATE TABLE IF NOT EXISTS `MENUITEM_MODIFIERGROUP` (
  `ID` int(11) NOT NULL AUTO_INCREMENT,
  `MODIFIED_TIME` datetime NOT NULL,
  `MIN_QUANTITY` int(11) DEFAULT NULL,
  `MAX_QUANTITY` int(11) DEFAULT NULL,
  `MODIFIER_GROUP` int(11) DEFAULT NULL,
  `MENU_ITEM` int(11) DEFAULT NULL,
  `MENUITEM_MODIFIERGROUP_ID` int(11) DEFAULT NULL,
  `GR_ORDER` int(11) DEFAULT NULL,
  PRIMARY KEY (`ID`),
  KEY `FK312B355B64931EFC` (`MENU_ITEM`),
  KEY `FK312B355B6E7B8B68` (`MENUITEM_MODIFIERGROUP_ID`),
  KEY `FK312B355B40FDA3C9` (`MODIFIER_GROUP`)
) ENGINE=InnoDB DEFAULT CHARSET=utf8 AUTO_INCREMENT=1 ;

-- --------------------------------------------------------

--
-- 表的结构 `MENUITEM_SHIFT`
--

CREATE TABLE IF NOT EXISTS `MENUITEM_SHIFT` (
  `ID` int(11) NOT NULL AUTO_INCREMENT,
  `SHIFT_PRICE` double DEFAULT NULL,
  `SHIFT_ID` int(11) DEFAULT NULL,
  `MENUITEM_ID` int(11) DEFAULT NULL,
  `SHIFT_ORDER` int(11) DEFAULT NULL,
  PRIMARY KEY (`ID`),
  KEY `FKE03C92D57660A5E3` (`SHIFT_ID`),
  KEY `FKE03C92D533662891` (`MENUITEM_ID`)
) ENGINE=InnoDB DEFAULT CHARSET=utf8 AUTO_INCREMENT=1 ;

-- --------------------------------------------------------

--
-- 表的结构 `MENU_CATEGORY`
--

CREATE TABLE IF NOT EXISTS `MENU_CATEGORY` (
  `ID` int(11) NOT NULL AUTO_INCREMENT,
  `MODIFIED_TIME` datetime NOT NULL,
  `NAME` varchar(20) NOT NULL,
  `VISIBLE` bit(1) DEFAULT NULL,
  `BEVERAGE` bit(1) DEFAULT NULL,
  PRIMARY KEY (`ID`)
) ENGINE=InnoDB  DEFAULT CHARSET=utf8 AUTO_INCREMENT=3 ;

--
-- 转存表中的数据 `MENU_CATEGORY`
--

INSERT INTO `MENU_CATEGORY` (`ID`, `MODIFIED_TIME`, `NAME`, `VISIBLE`, `BEVERAGE`) VALUES
(1, '2009-10-28 06:57:54', 'BEVERAGE', '1', '1'),
(2, '2009-10-28 06:57:54', 'BREAKFAST', '1', '0');

-- --------------------------------------------------------

--
-- 表的结构 `MENU_GROUP`
--

CREATE TABLE IF NOT EXISTS `MENU_GROUP` (
  `ID` int(11) NOT NULL AUTO_INCREMENT,
  `MODIFIED_TIME` datetime NOT NULL,
  `NAME` varchar(20) NOT NULL,
  `VISIBLE` bit(1) DEFAULT NULL,
  `CATEGORY_ID` int(11) DEFAULT NULL,
  `MENU_CATEGORY_ID` int(11) DEFAULT NULL,
  PRIMARY KEY (`ID`),
  KEY `FK4DC1AB7F96FBDD10` (`MENU_CATEGORY_ID`),
  KEY `FK4DC1AB7F2E347FF0` (`CATEGORY_ID`)
) ENGINE=InnoDB  DEFAULT CHARSET=utf8 AUTO_INCREMENT=3 ;

--
-- 转存表中的数据 `MENU_GROUP`
--

INSERT INTO `MENU_GROUP` (`ID`, `MODIFIED_TIME`, `NAME`, `VISIBLE`, `CATEGORY_ID`, `MENU_CATEGORY_ID`) VALUES
(1, '2009-10-28 06:57:54', 'COLD BEVERAGE', '1', 1, NULL),
(2, '2009-10-28 06:57:54', 'FAVOURITE', '1', 2, NULL);

-- --------------------------------------------------------

--
-- 表的结构 `MENU_ITEM`
--

CREATE TABLE IF NOT EXISTS `MENU_ITEM` (
  `ID` int(11) NOT NULL AUTO_INCREMENT,
  `MODIFIED_TIME` datetime NOT NULL,
  `NAME` varchar(30) NOT NULL,
  `PRICE` double NOT NULL,
  `DISCOUNT_RATE` double DEFAULT NULL,
  `VISIBLE` bit(1) DEFAULT NULL,
  `GROUP_ID` int(11) DEFAULT NULL,
  `TAX_ID` int(11) DEFAULT NULL,
  `DEFAULT_MODIFIERS` varchar(255) DEFAULT NULL,
  PRIMARY KEY (`ID`),
  KEY `FK4CD5A1F35188AA24` (`GROUP_ID`),
  KEY `FK4CD5A1F3A4802F83` (`TAX_ID`)
) ENGINE=InnoDB  DEFAULT CHARSET=utf8 AUTO_INCREMENT=3 ;

--
-- 转存表中的数据 `MENU_ITEM`
--

INSERT INTO `MENU_ITEM` (`ID`, `MODIFIED_TIME`, `NAME`, `PRICE`, `DISCOUNT_RATE`, `VISIBLE`, `GROUP_ID`, `TAX_ID`, `DEFAULT_MODIFIERS`) VALUES
(1, '2009-10-28 06:57:54', 'Coke', 2, 0, '1', 1, 1, NULL),
(2, '2009-10-28 06:57:54', 'Egg', 2, 0, '1', 2, 1, NULL);

-- --------------------------------------------------------

--
-- 表的结构 `MENU_MODIFIER`
--

CREATE TABLE IF NOT EXISTS `MENU_MODIFIER` (
  `ID` int(11) NOT NULL AUTO_INCREMENT,
  `MODIFIED_TIME` datetime NOT NULL,
  `NAME` varchar(20) DEFAULT NULL,
  `PRICE` double DEFAULT NULL,
  `EXTRA_PRICE` double DEFAULT NULL,
  `ENABLE` bit(1) DEFAULT NULL,
  `PRINT_TO_KITCHEN` bit(1) DEFAULT NULL,
  `GROUP_ID` int(11) DEFAULT NULL,
  `TAX_ID` int(11) DEFAULT NULL,
  PRIMARY KEY (`ID`),
  KEY `FK59B6B1B75E0C7B8D` (`GROUP_ID`),
  KEY `FK59B6B1B7A4802F83` (`TAX_ID`)
) ENGINE=InnoDB DEFAULT CHARSET=utf8 AUTO_INCREMENT=1 ;

-- --------------------------------------------------------

--
-- 表的结构 `MENU_MODIFIER_GROUP`
--

CREATE TABLE IF NOT EXISTS `MENU_MODIFIER_GROUP` (
  `ID` int(11) NOT NULL AUTO_INCREMENT,
  `MODIFIED_TIME` datetime NOT NULL,
  `NAME` varchar(60) DEFAULT NULL,
  `ENABLED` bit(1) DEFAULT NULL,
  `EXCLUSIVED` bit(1) DEFAULT NULL,
  `REQUIRED` bit(1) DEFAULT NULL,
  PRIMARY KEY (`ID`)
) ENGINE=InnoDB DEFAULT CHARSET=utf8 AUTO_INCREMENT=1 ;

-- --------------------------------------------------------

--
-- 表的结构 `PAYOUT_REASONS`
--

CREATE TABLE IF NOT EXISTS `PAYOUT_REASONS` (
  `ID` int(11) NOT NULL AUTO_INCREMENT,
  `REASON` varchar(255) DEFAULT NULL,
  PRIMARY KEY (`ID`)
) ENGINE=InnoDB DEFAULT CHARSET=utf8 AUTO_INCREMENT=1 ;

-- --------------------------------------------------------

--
-- 表的结构 `PAYOUT_RECEPIENTS`
--

CREATE TABLE IF NOT EXISTS `PAYOUT_RECEPIENTS` (
  `ID` int(11) NOT NULL AUTO_INCREMENT,
  `NAME` varchar(255) DEFAULT NULL,
  PRIMARY KEY (`ID`)
) ENGINE=InnoDB DEFAULT CHARSET=utf8 AUTO_INCREMENT=1 ;

-- --------------------------------------------------------

--
-- 表的结构 `PRINTER_CONFIGURATION`
--

CREATE TABLE IF NOT EXISTS `PRINTER_CONFIGURATION` (
  `ID` int(11) NOT NULL,
  `RECEIPT_PRINTER` varchar(255) DEFAULT NULL,
  `KITCHEN_PRINTER` varchar(255) DEFAULT NULL,
  `PRWTS` bit(1) DEFAULT NULL,
  `PRWTP` bit(1) DEFAULT NULL,
  `PKWTS` bit(1) DEFAULT NULL,
  `PKWTP` bit(1) DEFAULT NULL,
  `UNPFT` bit(1) DEFAULT NULL,
  `UNPFK` bit(1) DEFAULT NULL,
  PRIMARY KEY (`ID`)
) ENGINE=InnoDB DEFAULT CHARSET=utf8;

-- --------------------------------------------------------

--
-- 表的结构 `RESTAURANT`
--

CREATE TABLE IF NOT EXISTS `RESTAURANT` (
  `ID` int(11) NOT NULL,
  `NAME` varchar(40) DEFAULT NULL,
  `ADDRESS_LINE1` varchar(20) DEFAULT NULL,
  `ADDRESS_LINE2` varchar(20) DEFAULT NULL,
  `ADDRESS_LINE3` varchar(20) DEFAULT NULL,
  `TELEPHONE` varchar(16) DEFAULT NULL,
  `CAPACITY` int(11) DEFAULT NULL,
  `TABLES` int(11) DEFAULT NULL,
  `AUTODRAWERPULLENABLE` bit(1) DEFAULT NULL,
  `DRAWER_PULL_HOUR` int(11) DEFAULT NULL,
  `DRAWER_PULL_MIN` int(11) DEFAULT NULL,
  `CNAME` varchar(20) DEFAULT NULL,
  `CSYMBOL` varchar(10) DEFAULT NULL,
  PRIMARY KEY (`ID`)
) ENGINE=InnoDB DEFAULT CHARSET=utf8;

--
-- 转存表中的数据 `RESTAURANT`
--

INSERT INTO `RESTAURANT` (`ID`, `NAME`, `ADDRESS_LINE1`, `ADDRESS_LINE2`, `ADDRESS_LINE3`, `TELEPHONE`, `CAPACITY`, `TABLES`, `AUTODRAWERPULLENABLE`, `DRAWER_PULL_HOUR`, `DRAWER_PULL_MIN`, `CNAME`, `CSYMBOL`) VALUES
(1, 'Floreant', NULL, NULL, NULL, NULL, 0, 0, '0', 0, 0, 'Dollar', '$');

-- --------------------------------------------------------

--
-- 表的结构 `RESTAURANT_TABLE`
--

CREATE TABLE IF NOT EXISTS `RESTAURANT_TABLE` (
  `ID` int(11) NOT NULL AUTO_INCREMENT,
  `CAPACITY` int(11) DEFAULT NULL,
  `NAME` varchar(60) DEFAULT NULL,
  `BOOKED` bit(1) DEFAULT NULL,
  PRIMARY KEY (`ID`)
) ENGINE=InnoDB DEFAULT CHARSET=utf8 AUTO_INCREMENT=1 ;

-- --------------------------------------------------------

--
-- 表的结构 `SHIFT`
--

CREATE TABLE IF NOT EXISTS `SHIFT` (
  `ID` int(11) NOT NULL AUTO_INCREMENT,
  `NAME` varchar(60) NOT NULL,
  `START_TIME` datetime DEFAULT NULL,
  `END_TIME` datetime DEFAULT NULL,
  `SHIFT_LEN` bigint(20) DEFAULT NULL,
  PRIMARY KEY (`ID`),
  UNIQUE KEY `NAME` (`NAME`)
) ENGINE=InnoDB  DEFAULT CHARSET=utf8 AUTO_INCREMENT=2 ;

--
-- 转存表中的数据 `SHIFT`
--

INSERT INTO `SHIFT` (`ID`, `NAME`, `START_TIME`, `END_TIME`, `SHIFT_LEN`) VALUES
(1, 'General', '1970-01-01 00:00:00', '1970-01-01 23:59:59', 86340000);

-- --------------------------------------------------------

--
-- 表的结构 `TAX`
--

CREATE TABLE IF NOT EXISTS `TAX` (
  `ID` int(11) NOT NULL AUTO_INCREMENT,
  `MODIFIED_TIME` datetime NOT NULL,
  `NAME` varchar(20) NOT NULL,
  `RATE` double DEFAULT NULL,
  PRIMARY KEY (`ID`)
) ENGINE=InnoDB  DEFAULT CHARSET=utf8 AUTO_INCREMENT=2 ;

--
-- 转存表中的数据 `TAX`
--

INSERT INTO `TAX` (`ID`, `MODIFIED_TIME`, `NAME`, `RATE`) VALUES
(1, '2009-10-28 06:57:54', 'US', 6);

-- --------------------------------------------------------

--
-- 表的结构 `TERMINAL`
--

CREATE TABLE IF NOT EXISTS `TERMINAL` (
  `ID` int(11) NOT NULL,
  `MODIFIED_TIME` datetime NOT NULL,
  `NAME` varchar(60) DEFAULT NULL,
  `OPENING_BALANCE` double DEFAULT NULL,
  `CURRENT_BALANCE` double DEFAULT NULL,
  PRIMARY KEY (`ID`)
) ENGINE=InnoDB DEFAULT CHARSET=utf8;

--
-- 转存表中的数据 `TERMINAL`
--

INSERT INTO `TERMINAL` (`ID`, `MODIFIED_TIME`, `NAME`, `OPENING_BALANCE`, `CURRENT_BALANCE`) VALUES
(3838, '2013-03-22 00:23:45', 'Terminal - 3838', 500, 500);

-- --------------------------------------------------------

--
-- 表的结构 `TICKET`
--

CREATE TABLE IF NOT EXISTS `TICKET` (
  `ID` int(11) NOT NULL AUTO_INCREMENT,
  `MODIFIED_TIME` datetime NOT NULL,
  `CREATE_DATE` datetime DEFAULT NULL,
  `CLOSING_DATE` datetime DEFAULT NULL,
  `ACTIVE_DATE` datetime DEFAULT NULL,
  `CREATION_HOUR` int(11) DEFAULT NULL,
  `PAID` bit(1) DEFAULT NULL,
  `VOIDED` bit(1) DEFAULT NULL,
  `VOID_REASON` varchar(255) DEFAULT NULL,
  `WASTED` bit(1) DEFAULT NULL,
  `SETTLED` bit(1) DEFAULT NULL,
  `DRAWER_RESETTED` bit(1) DEFAULT NULL,
  `SUB_TOTAL` double DEFAULT NULL,
  `TOTAL_DISCOUNT` double DEFAULT NULL,
  `TOTAL_TAX` double DEFAULT NULL,
  `TOTAL_PRICE` double DEFAULT NULL,
  `PAID_AMOUNT` double DEFAULT NULL,
  `DUE_AMOUNT` double DEFAULT NULL,
  `TABLE_NUMBER` int(11) DEFAULT NULL,
  `NUMBER_OF_GUESTS` int(11) DEFAULT NULL,
  `TRANSACTION_TYPE` varchar(20) DEFAULT NULL,
  `TRANSACTION_CODE` varchar(60) DEFAULT NULL,
  `BAR_CODE` varchar(60) DEFAULT NULL,
  `CARD_TYPE` varchar(60) DEFAULT NULL,
  `CARD_NUMBER` varchar(60) DEFAULT NULL,
  `IS_TAX_EXEMPT` bit(1) DEFAULT NULL,
  `IS_RE_OPENED` bit(1) DEFAULT NULL,
  `SHIFT_ID` int(11) DEFAULT NULL,
  `OWNER_ID` int(11) DEFAULT NULL,
  `GRATUITY_ID` int(11) DEFAULT NULL,
  `VOID_BY_USER` int(11) DEFAULT NULL,
  `TERMINAL_ID` int(11) DEFAULT NULL,
  PRIMARY KEY (`ID`),
  KEY `FK937B5F0C7660A5E3` (`SHIFT_ID`),
  KEY `FK937B5F0C2AD2D031` (`TERMINAL_ID`),
  KEY `FK937B5F0CC188EA51` (`GRATUITY_ID`),
  KEY `FK937B5F0C1F6A9A4A` (`VOID_BY_USER`),
  KEY `FK937B5F0CAA075D69` (`OWNER_ID`)
) ENGINE=InnoDB DEFAULT CHARSET=utf8 AUTO_INCREMENT=1 ;

-- --------------------------------------------------------

--
-- 表的结构 `TICKETITEM_MODIFIERGROUP`
--

CREATE TABLE IF NOT EXISTS `TICKETITEM_MODIFIERGROUP` (
  `ID` int(11) NOT NULL AUTO_INCREMENT,
  `MODIFIED_TIME` datetime NOT NULL,
  `GROUP_ID` int(11) DEFAULT NULL,
  `MIN_QUANTITY` int(11) DEFAULT NULL,
  `MAX_QUANTITY` int(11) DEFAULT NULL,
  `parent` int(11) DEFAULT NULL,
  `TICKETITEM_ID` int(11) DEFAULT NULL,
  `ITEM_ORDER` int(11) DEFAULT NULL,
  PRIMARY KEY (`ID`),
  KEY `FK21D455C8DC1B1BB1` (`TICKETITEM_ID`),
  KEY `FK21D455C8A73C1B20` (`parent`)
) ENGINE=InnoDB DEFAULT CHARSET=utf8 AUTO_INCREMENT=1 ;

-- --------------------------------------------------------

--
-- 表的结构 `TICKET_COOKING_INSTRUCTION`
--

CREATE TABLE IF NOT EXISTS `TICKET_COOKING_INSTRUCTION` (
  `TICKET_ID` int(11) NOT NULL,
  `description` varchar(60) DEFAULT NULL,
  `printedToKitchen` bit(1) DEFAULT NULL,
  KEY `FKD2C835761DF2D7F1` (`TICKET_ID`)
) ENGINE=InnoDB DEFAULT CHARSET=utf8;

-- --------------------------------------------------------

--
-- 表的结构 `TICKET_COUPON_DISCOUNT`
--

CREATE TABLE IF NOT EXISTS `TICKET_COUPON_DISCOUNT` (
  `ID` int(11) NOT NULL AUTO_INCREMENT,
  `COUPON_DISCOUNT_ID` int(11) DEFAULT NULL,
  `NAME` varchar(30) DEFAULT NULL,
  `TYPE` int(11) DEFAULT NULL,
  `VALUE` double DEFAULT NULL,
  `TICKET_ID` int(11) DEFAULT NULL,
  `D_ORDER` int(11) DEFAULT NULL,
  PRIMARY KEY (`ID`),
  KEY `FK3A1F32071DF2D7F1` (`TICKET_ID`)
) ENGINE=InnoDB DEFAULT CHARSET=utf8 AUTO_INCREMENT=1 ;

-- --------------------------------------------------------

--
-- 表的结构 `TICKET_ITEM`
--

CREATE TABLE IF NOT EXISTS `TICKET_ITEM` (
  `ID` int(11) NOT NULL AUTO_INCREMENT,
  `MODIFIED_TIME` datetime NOT NULL,
  `ITEM_ID` int(11) DEFAULT NULL,
  `ITEM_COUNT` int(11) DEFAULT NULL,
  `ITEM_NAME` varchar(30) DEFAULT NULL,
  `GROUP_NAME` varchar(20) DEFAULT NULL,
  `CATEGORY_NAME` varchar(20) DEFAULT NULL,
  `ITEM_PRICE` double DEFAULT NULL,
  `DISCOUNT_RATE` double DEFAULT NULL,
  `ITEM_TAX_RATE` double DEFAULT NULL,
  `SUB_TOTAL` double DEFAULT NULL,
  `SUB_TOTAL_WITH_MODIFIERS` double DEFAULT NULL,
  `DISCOUNT` double DEFAULT NULL,
  `TAX_AMOUNT` double DEFAULT NULL,
  `TAX_AMOUNT_WITH_MODIFIERS` double DEFAULT NULL,
  `TOTAL_PRICE` double DEFAULT NULL,
  `TOTAL_PRICE_WITH_MODIFIERS` double DEFAULT NULL,
  `BEVERAGE` bit(1) DEFAULT NULL,
  `PRINT_TO_KITCHEN` bit(1) DEFAULT NULL,
  `HAS_MODIIERS` bit(1) DEFAULT NULL,
  `PRINTED_TO_KITCHEN` bit(1) DEFAULT NULL,
  `TICKET_ID` int(11) DEFAULT NULL,
  `ITEM_ORDER` int(11) DEFAULT NULL,
  PRIMARY KEY (`ID`),
  KEY `FK979F54661DF2D7F1` (`TICKET_ID`)
) ENGINE=InnoDB DEFAULT CHARSET=utf8 AUTO_INCREMENT=1 ;

-- --------------------------------------------------------

--
-- 表的结构 `TICKET_ITEM_MODIFIER`
--

CREATE TABLE IF NOT EXISTS `TICKET_ITEM_MODIFIER` (
  `ID` int(11) NOT NULL AUTO_INCREMENT,
  `ITEM_ID` int(11) DEFAULT NULL,
  `GROUP_ID` int(11) DEFAULT NULL,
  `ITEM_COUNT` int(11) DEFAULT NULL,
  `MODIFIER_NAME` varchar(30) DEFAULT NULL,
  `MODIFIER_PRICE` double DEFAULT NULL,
  `EXTRA_PRICE` double DEFAULT NULL,
  `MODIFIER_TAX_RATE` double DEFAULT NULL,
  `MODIFIER_TYPE` int(11) DEFAULT NULL,
  `TOTAL_PRICE` double DEFAULT NULL,
  `PRINT_TO_KITCHEN` bit(1) DEFAULT NULL,
  `PRINTED_TO_KITCHEN` bit(1) DEFAULT NULL,
  `ModifierGroup_ID` int(11) DEFAULT NULL,
  `TICKETITEMMODIFIERGROUP_ID` int(11) DEFAULT NULL,
  `ITEM_ORDER` int(11) DEFAULT NULL,
  PRIMARY KEY (`ID`),
  KEY `FK8FD6290C04D31C4` (`ModifierGroup_ID`),
  KEY `FK8FD6290267493E3` (`TICKETITEMMODIFIERGROUP_ID`)
) ENGINE=InnoDB DEFAULT CHARSET=utf8 AUTO_INCREMENT=1 ;

-- --------------------------------------------------------

--
-- 表的结构 `TRANSACTIONS`
--

CREATE TABLE IF NOT EXISTS `TRANSACTIONS` (
  `ID` int(11) NOT NULL AUTO_INCREMENT,
  `PAYMENT_TYPE` varchar(20) NOT NULL,
  `MODIFIED_TIME` datetime NOT NULL,
  `TRANSACTION_TIME` datetime DEFAULT NULL,
  `SUB_TOTAL` double DEFAULT NULL,
  `TOTAL_DISCOUNT` double DEFAULT NULL,
  `TOTAL_TAX` double DEFAULT NULL,
  `TOTAL_PRICE` double DEFAULT NULL,
  `GRATUITY_AMOUNT` double DEFAULT NULL,
  `DRAWER_RESETTED` bit(1) DEFAULT NULL,
  `TERMINAL_ID` int(11) DEFAULT NULL,
  `TICKET_ID` int(11) DEFAULT NULL,
  `USER_ID` int(11) DEFAULT NULL,
  `FACE_VALUE` double DEFAULT NULL,
  `PAID_AMOUNT` double DEFAULT NULL,
  `CASH_BACK_AMOUNT` double DEFAULT NULL,
  `CARD_NUMBER` varchar(30) DEFAULT NULL,
  `CARD_TYPE` varchar(30) DEFAULT NULL,
  `note` varchar(255) DEFAULT NULL,
  `REASON_ID` int(11) DEFAULT NULL,
  `RECEPIENT_ID` int(11) DEFAULT NULL,
  PRIMARY KEY (`ID`),
  KEY `FKFE98715570BE7CF7` (`REASON_ID`),
  KEY `FKFE9871552AD2D031` (`TERMINAL_ID`),
  KEY `FKFE9871551DF2D7F1` (`TICKET_ID`),
  KEY `FKFE9871553E20AD51` (`USER_ID`),
  KEY `FKFE987155B00959BD` (`RECEPIENT_ID`)
) ENGINE=InnoDB DEFAULT CHARSET=utf8 AUTO_INCREMENT=1 ;

-- --------------------------------------------------------

--
-- 表的结构 `USERS`
--

CREATE TABLE IF NOT EXISTS `USERS` (
  `AUTO_ID` int(11) NOT NULL AUTO_INCREMENT,
  `MODIFIED_TIME` datetime NOT NULL,
  `USER_ID` int(11) DEFAULT NULL,
  `USER_PASS` varchar(16) NOT NULL,
  `FIRST_NAME` varchar(30) DEFAULT NULL,
  `LAST_NAME` varchar(30) DEFAULT NULL,
  `SSN` varchar(30) NOT NULL,
  `COST_PER_HOUR` double DEFAULT NULL,
  `CLOCKED_IN` bit(1) DEFAULT NULL,
  `LAST_CLOCK_IN_TIME` datetime DEFAULT NULL,
  `SHIFT_ID` int(11) DEFAULT NULL,
  `currentTerminal` int(11) DEFAULT NULL,
  `N_USER_TYPE` int(11) DEFAULT NULL,
  PRIMARY KEY (`AUTO_ID`),
  KEY `FK4D495E87660A5E3` (`SHIFT_ID`),
  KEY `FK4D495E8D9409968` (`currentTerminal`),
  KEY `FK4D495E8897B1E39` (`N_USER_TYPE`)
) ENGINE=InnoDB  DEFAULT CHARSET=utf8 AUTO_INCREMENT=2 ;

--
-- 转存表中的数据 `USERS`
--

INSERT INTO `USERS` (`AUTO_ID`, `MODIFIED_TIME`, `USER_ID`, `USER_PASS`, `FIRST_NAME`, `LAST_NAME`, `SSN`, `COST_PER_HOUR`, `CLOCKED_IN`, `LAST_CLOCK_IN_TIME`, `SHIFT_ID`, `currentTerminal`, `N_USER_TYPE`) VALUES
(1, '2013-03-22 00:25:32', 123, '123', 'Test', 'User', '123', 0, '1', '2013-03-22 00:25:32', 1, 3838, 1);

-- --------------------------------------------------------

--
-- 表的结构 `USER_PERMISSION`
--

CREATE TABLE IF NOT EXISTS `USER_PERMISSION` (
  `NAME` varchar(40) NOT NULL,
  PRIMARY KEY (`NAME`)
) ENGINE=InnoDB DEFAULT CHARSET=utf8;

--
-- 转存表中的数据 `USER_PERMISSION`
--

INSERT INTO `USER_PERMISSION` (`NAME`) VALUES
('Create New Ticket'),
('Edit Ticket'),
('Pay Out'),
('Perform Administrative Task'),
('Perform Manager Task'),
('Reopen Ticket'),
('Settle Ticket'),
('Split Ticket'),
('Take Out'),
('View All Open Ticket'),
('View Back Office'),
('View Explorers'),
('View Reports'),
('Void Ticket');

-- --------------------------------------------------------

--
-- 表的结构 `USER_TYPE`
--

CREATE TABLE IF NOT EXISTS `USER_TYPE` (
  `ID` int(11) NOT NULL AUTO_INCREMENT,
  `P_NAME` varchar(60) DEFAULT NULL,
  PRIMARY KEY (`ID`)
) ENGINE=InnoDB  DEFAULT CHARSET=utf8 AUTO_INCREMENT=2 ;

--
-- 转存表中的数据 `USER_TYPE`
--

INSERT INTO `USER_TYPE` (`ID`, `P_NAME`) VALUES
(1, 'Administrator');

-- --------------------------------------------------------

--
-- 表的结构 `USER_USER_PERMISSION`
--

CREATE TABLE IF NOT EXISTS `USER_USER_PERMISSION` (
  `permissionId` int(11) NOT NULL,
  `elt` varchar(40) NOT NULL,
  PRIMARY KEY (`permissionId`,`elt`),
  KEY `FK2DBEAA4F283ECC6` (`permissionId`),
  KEY `FK2DBEAA4F8F23F5E` (`elt`)
) ENGINE=InnoDB DEFAULT CHARSET=utf8;

--
-- 转存表中的数据 `USER_USER_PERMISSION`
--

INSERT INTO `USER_USER_PERMISSION` (`permissionId`, `elt`) VALUES
(1, 'Create New Ticket'),
(1, 'Edit Ticket'),
(1, 'Pay Out'),
(1, 'Perform Administrative Task'),
(1, 'Perform Manager Task'),
(1, 'Reopen Ticket'),
(1, 'Settle Ticket'),
(1, 'Split Ticket'),
(1, 'Take Out'),
(1, 'View All Open Ticket'),
(1, 'View Back Office'),
(1, 'View Explorers'),
(1, 'View Reports'),
(1, 'Void Ticket');

-- --------------------------------------------------------

--
-- 表的结构 `voidTickets`
--

CREATE TABLE IF NOT EXISTS `voidTickets` (
  `DPREPORT_ID` int(11) NOT NULL,
  `code` int(11) DEFAULT NULL,
  `reason` varchar(255) DEFAULT NULL,
  `hast` varchar(255) DEFAULT NULL,
  `quantity` int(11) DEFAULT NULL,
  `amount` double DEFAULT NULL,
  KEY `FK5A70EB33EF4CD9B` (`DPREPORT_ID`)
) ENGINE=InnoDB DEFAULT CHARSET=utf8;

-- --------------------------------------------------------

--
-- 表的结构 `VOID_REASONS`
--

CREATE TABLE IF NOT EXISTS `VOID_REASONS` (
  `ID` int(11) NOT NULL AUTO_INCREMENT,
  `REASON_TEXT` varchar(255) DEFAULT NULL,
  PRIMARY KEY (`ID`)
) ENGINE=InnoDB DEFAULT CHARSET=utf8 AUTO_INCREMENT=1 ;

--
-- 限制导出的表
--

--
-- 限制表 `ACTION_HISTORY`
--
ALTER TABLE `ACTION_HISTORY`
  ADD CONSTRAINT `FK3F3AF36B3E20AD51` FOREIGN KEY (`USER_ID`) REFERENCES `users` (`AUTO_ID`);

--
-- 限制表 `ATTENDENCE_HISTORY`
--
ALTER TABLE `ATTENDENCE_HISTORY`
  ADD CONSTRAINT `FKDFE829A2AD2D031` FOREIGN KEY (`TERMINAL_ID`) REFERENCES `terminal` (`ID`),
  ADD CONSTRAINT `FKDFE829A3E20AD51` FOREIGN KEY (`USER_ID`) REFERENCES `users` (`AUTO_ID`),
  ADD CONSTRAINT `FKDFE829A7660A5E3` FOREIGN KEY (`SHIFT_ID`) REFERENCES `shift` (`ID`);

--
-- 限制表 `CASH_DRAWER_RESET_HISTORY`
--
ALTER TABLE `CASH_DRAWER_RESET_HISTORY`
  ADD CONSTRAINT `FK719418223E20AD51` FOREIGN KEY (`USER_ID`) REFERENCES `users` (`AUTO_ID`);

--
-- 限制表 `DRAWER_PULL_REPORT`
--
ALTER TABLE `DRAWER_PULL_REPORT`
  ADD CONSTRAINT `FKAEC362202AD2D031` FOREIGN KEY (`TERMINAL_ID`) REFERENCES `terminal` (`ID`);

--
-- 限制表 `GRATUITY`
--
ALTER TABLE `GRATUITY`
  ADD CONSTRAINT `FK34E4E3771DF2D7F1` FOREIGN KEY (`TICKET_ID`) REFERENCES `ticket` (`ID`),
  ADD CONSTRAINT `FK34E4E3772AD2D031` FOREIGN KEY (`TERMINAL_ID`) REFERENCES `terminal` (`ID`),
  ADD CONSTRAINT `FK34E4E377AA075D69` FOREIGN KEY (`OWNER_ID`) REFERENCES `users` (`AUTO_ID`);

--
-- 限制表 `MENUITEM_MODIFIERGROUP`
--
ALTER TABLE `MENUITEM_MODIFIERGROUP`
  ADD CONSTRAINT `FK312B355B40FDA3C9` FOREIGN KEY (`MODIFIER_GROUP`) REFERENCES `menu_modifier_group` (`ID`),
  ADD CONSTRAINT `FK312B355B64931EFC` FOREIGN KEY (`MENU_ITEM`) REFERENCES `menu_item` (`ID`),
  ADD CONSTRAINT `FK312B355B6E7B8B68` FOREIGN KEY (`MENUITEM_MODIFIERGROUP_ID`) REFERENCES `menu_item` (`ID`);

--
-- 限制表 `MENUITEM_SHIFT`
--
ALTER TABLE `MENUITEM_SHIFT`
  ADD CONSTRAINT `FKE03C92D533662891` FOREIGN KEY (`MENUITEM_ID`) REFERENCES `menu_item` (`ID`),
  ADD CONSTRAINT `FKE03C92D57660A5E3` FOREIGN KEY (`SHIFT_ID`) REFERENCES `shift` (`ID`);

--
-- 限制表 `MENU_GROUP`
--
ALTER TABLE `MENU_GROUP`
  ADD CONSTRAINT `FK4DC1AB7F2E347FF0` FOREIGN KEY (`CATEGORY_ID`) REFERENCES `menu_category` (`ID`),
  ADD CONSTRAINT `FK4DC1AB7F96FBDD10` FOREIGN KEY (`MENU_CATEGORY_ID`) REFERENCES `menu_category` (`ID`);

--
-- 限制表 `MENU_ITEM`
--
ALTER TABLE `MENU_ITEM`
  ADD CONSTRAINT `FK4CD5A1F35188AA24` FOREIGN KEY (`GROUP_ID`) REFERENCES `menu_group` (`ID`),
  ADD CONSTRAINT `FK4CD5A1F3A4802F83` FOREIGN KEY (`TAX_ID`) REFERENCES `tax` (`ID`);

--
-- 限制表 `MENU_MODIFIER`
--
ALTER TABLE `MENU_MODIFIER`
  ADD CONSTRAINT `FK59B6B1B75E0C7B8D` FOREIGN KEY (`GROUP_ID`) REFERENCES `menu_modifier_group` (`ID`),
  ADD CONSTRAINT `FK59B6B1B7A4802F83` FOREIGN KEY (`TAX_ID`) REFERENCES `tax` (`ID`);

--
-- 限制表 `TICKET`
--
ALTER TABLE `TICKET`
  ADD CONSTRAINT `FK937B5F0C1F6A9A4A` FOREIGN KEY (`VOID_BY_USER`) REFERENCES `users` (`AUTO_ID`),
  ADD CONSTRAINT `FK937B5F0C2AD2D031` FOREIGN KEY (`TERMINAL_ID`) REFERENCES `terminal` (`ID`),
  ADD CONSTRAINT `FK937B5F0C7660A5E3` FOREIGN KEY (`SHIFT_ID`) REFERENCES `shift` (`ID`),
  ADD CONSTRAINT `FK937B5F0CAA075D69` FOREIGN KEY (`OWNER_ID`) REFERENCES `users` (`AUTO_ID`),
  ADD CONSTRAINT `FK937B5F0CC188EA51` FOREIGN KEY (`GRATUITY_ID`) REFERENCES `gratuity` (`ID`);

--
-- 限制表 `TICKETITEM_MODIFIERGROUP`
--
ALTER TABLE `TICKETITEM_MODIFIERGROUP`
  ADD CONSTRAINT `FK21D455C8A73C1B20` FOREIGN KEY (`parent`) REFERENCES `ticket_item` (`ID`),
  ADD CONSTRAINT `FK21D455C8DC1B1BB1` FOREIGN KEY (`TICKETITEM_ID`) REFERENCES `ticket_item` (`ID`);

--
-- 限制表 `TICKET_COOKING_INSTRUCTION`
--
ALTER TABLE `TICKET_COOKING_INSTRUCTION`
  ADD CONSTRAINT `FKD2C835761DF2D7F1` FOREIGN KEY (`TICKET_ID`) REFERENCES `ticket` (`ID`);

--
-- 限制表 `TICKET_COUPON_DISCOUNT`
--
ALTER TABLE `TICKET_COUPON_DISCOUNT`
  ADD CONSTRAINT `FK3A1F32071DF2D7F1` FOREIGN KEY (`TICKET_ID`) REFERENCES `ticket` (`ID`);

--
-- 限制表 `TICKET_ITEM`
--
ALTER TABLE `TICKET_ITEM`
  ADD CONSTRAINT `FK979F54661DF2D7F1` FOREIGN KEY (`TICKET_ID`) REFERENCES `ticket` (`ID`);

--
-- 限制表 `TICKET_ITEM_MODIFIER`
--
ALTER TABLE `TICKET_ITEM_MODIFIER`
  ADD CONSTRAINT `FK8FD6290267493E3` FOREIGN KEY (`TICKETITEMMODIFIERGROUP_ID`) REFERENCES `ticketitem_modifiergroup` (`ID`),
  ADD CONSTRAINT `FK8FD6290C04D31C4` FOREIGN KEY (`ModifierGroup_ID`) REFERENCES `ticketitem_modifiergroup` (`ID`);

--
-- 限制表 `TRANSACTIONS`
--
ALTER TABLE `TRANSACTIONS`
  ADD CONSTRAINT `FKFE9871551DF2D7F1` FOREIGN KEY (`TICKET_ID`) REFERENCES `ticket` (`ID`),
  ADD CONSTRAINT `FKFE9871552AD2D031` FOREIGN KEY (`TERMINAL_ID`) REFERENCES `terminal` (`ID`),
  ADD CONSTRAINT `FKFE9871553E20AD51` FOREIGN KEY (`USER_ID`) REFERENCES `users` (`AUTO_ID`),
  ADD CONSTRAINT `FKFE98715570BE7CF7` FOREIGN KEY (`REASON_ID`) REFERENCES `payout_reasons` (`ID`),
  ADD CONSTRAINT `FKFE987155B00959BD` FOREIGN KEY (`RECEPIENT_ID`) REFERENCES `payout_recepients` (`ID`);

--
-- 限制表 `USERS`
--
ALTER TABLE `USERS`
  ADD CONSTRAINT `FK4D495E87660A5E3` FOREIGN KEY (`SHIFT_ID`) REFERENCES `shift` (`ID`),
  ADD CONSTRAINT `FK4D495E8897B1E39` FOREIGN KEY (`N_USER_TYPE`) REFERENCES `user_type` (`ID`),
  ADD CONSTRAINT `FK4D495E8D9409968` FOREIGN KEY (`currentTerminal`) REFERENCES `terminal` (`ID`);

--
-- 限制表 `USER_USER_PERMISSION`
--
ALTER TABLE `USER_USER_PERMISSION`
  ADD CONSTRAINT `FK2DBEAA4F283ECC6` FOREIGN KEY (`permissionId`) REFERENCES `user_type` (`ID`),
  ADD CONSTRAINT `FK2DBEAA4F8F23F5E` FOREIGN KEY (`elt`) REFERENCES `user_permission` (`NAME`);

--
-- 限制表 `voidTickets`
--
ALTER TABLE `voidTickets`
  ADD CONSTRAINT `FK5A70EB33EF4CD9B` FOREIGN KEY (`DPREPORT_ID`) REFERENCES `drawer_pull_report` (`ID`);

/*!40101 SET CHARACTER_SET_CLIENT=@OLD_CHARACTER_SET_CLIENT */;
/*!40101 SET CHARACTER_SET_RESULTS=@OLD_CHARACTER_SET_RESULTS */;
/*!40101 SET COLLATION_CONNECTION=@OLD_COLLATION_CONNECTION */;
